{
  "pdf": "data\\1900000392_1\\1900000392_2.pdf",
  "pages": [
    {
      "page": 1,
      "detections": [
        {
          "id": 1,
          "label": 1,
          "score": 0.9964535236358643,
          "box": [
            447,
            529,
            540,
            627
          ],
          "crop": "data\\stamp_outputs\\1900000392_2_page1_stamp1.png"
        },
        {
          "id": 2,
          "label": 1,
          "score": 0.9799559116363525,
          "box": [
            290,
            154,
            437,
            240
          ],
          "crop": "data\\stamp_outputs\\1900000392_2_page1_stamp2.png"
        }
      ]
    }
  ]
}