{
  "pdf": "data\\1900000392_1\\1900000392_1.pdf",
  "pages": [
    {
      "page": 1,
      "detections": [
        {
          "id": 1,
          "label": 1,
          "score": 0.993740975856781,
          "box": [
            447,
            476,
            535,
            567
          ],
          "crop": "data\\stamp_outputs\\1900000392_1_page1_stamp1.png"
        },
        {
          "id": 2,
          "label": 1,
          "score": 0.8441742062568665,
          "box": [
            287,
            108,
            439,
            196
          ],
          "crop": "data\\stamp_outputs\\1900000392_1_page1_stamp2.png"
        }
      ]
    }
  ]
}